CARRO,LIV-0
CARRO,LIV-1
CARRO,LIV-2
CARRO,LIV-3
CARRO,LIV-4
CARRO,LIV-5
CARRO,LIV-6
CARRO,LIV-7
CARRO,LIV-8
CARRO,LIV-9
CARRO,LIV-10
CARRO,LIV-11
CARRO,LIV-12
CARRO,LIV-13
CARRO,LIV-14
CARRO,LIV-15
CARRO,LIV-16
CARRO,LIV-17
CARRO,LIV-18
CARRO,LIV-19
CARRO,LIV-20
CARRO,LIV-21
CARRO,LIV-22
CARRO,LIV-23
CARRO,LIV-24
CARRO,LIV-25
CARRO,LIV-26
CARRO,LIV-27
CARRO,LIV-28
CARRO,LIV-29
CARRO,LIV-30
CARRO,LIV-31
CARRO,LIV-32
CARRO,LIV-33
CARRO,LIV-34
CARRO,LIV-35
CARRO,LIV-36
CARRO,LIV-37
CARRO,LIV-38
CARRO,LIV-39
CARRO,LIV-40
CARRO,LIV-41
CARRO,LIV-42
CARRO,LIV-43
CARRO,LIV-44
CARRO,LIV-45
CARRO,LIV-46
CARRO,LIV-47
CARRO,LIV-48
CARRO,LIV-49
CARRO,LIV-50
CARRO,LIV-51
CARRO,LIV-52
CARRO,LIV-53
CARRO,LIV-54
CARRO,LIV-55
CARRO,LIV-56
CARRO,LIV-57
CARRO,LIV-58
CARRO,LIV-59
CARRO,LIV-60
CARRO,LIV-61
CARRO,LIV-62
CARRO,LIV-63
CARRO,LIV-64
CARRO,LIV-65
CARRO,LIV-66
CARRO,LIV-67
CARRO,LIV-68
CARRO,LIV-69
CARRO,LIV-70
CARRO,LIV-71
CARRO,LIV-72
CARRO,LIV-73
CARRO,LIV-74
CARRO,LIV-75
CARRO,LIV-76
CARRO,LIV-77
CARRO,LIV-78
CARRO,LIV-79
CARRO,LIV-80
CARRO,LIV-81
CARRO,LIV-82
CARRO,LIV-83
CARRO,LIV-84
CARRO,LIV-85
CARRO,LIV-86
CARRO,LIV-87
CARRO,LIV-88
CARRO,LIV-89
CARRO,LIV-90
CARRO,LIV-91
CARRO,LIV-92
CARRO,LIV-93
CARRO,LIV-94
CARRO,LIV-95
CARRO,LIV-96
CARRO,LIV-97
CARRO,LIV-98
CARRO,LIV-99
CARRO,LIV-100
CARRO,LIV-101
CARRO,LIV-102
CARRO,LIV-103
CARRO,LIV-104
CARRO,LIV-105
CARRO,LIV-106
CARRO,LIV-107
CARRO,LIV-108
CARRO,LIV-109
CARRO,LIV-110
CARRO,LIV-111
CARRO,LIV-112
CARRO,LIV-113
CARRO,LIV-114
CARRO,LIV-115
CARRO,LIV-116
CARRO,LIV-117
CARRO,LIV-118
CARRO,LIV-119
CARRO,LIV-120
CARRO,LIV-121
CARRO,LIV-122
CARRO,LIV-123
CARRO,LIV-124
CARRO,LIV-125
CARRO,LIV-126
CARRO,LIV-127
CARRO,LIV-128
CARRO,LIV-129
CARRO,LIV-130
CARRO,LIV-131
CARRO,LIV-132
CARRO,LIV-133
CARRO,LIV-134
CARRO,LIV-135
CARRO,LIV-136
CARRO,LIV-137
CARRO,LIV-138
CARRO,LIV-139
CARRO,LIV-140
CARRO,LIV-141
CARRO,LIV-142
CARRO,LIV-143
CARRO,LIV-144
CARRO,LIV-145
CARRO,LIV-146
CARRO,LIV-147
CARRO,LIV-148
CARRO,LIV-149
CARRO,LIV-150
CARRO,LIV-151
CARRO,LIV-152
CARRO,LIV-153
CARRO,LIV-154
CARRO,LIV-155
CARRO,LIV-156
CARRO,LIV-157
CARRO,LIV-158
CARRO,LIV-159
CARRO,LIV-160
CARRO,LIV-161
CARRO,LIV-162
CARRO,LIV-163
CARRO,LIV-164
CARRO,LIV-165
CARRO,LIV-166
CARRO,LIV-167
CARRO,LIV-168
CARRO,LIV-169
CARRO,LIV-170
CARRO,LIV-171
CARRO,LIV-172
CARRO,LIV-173
CARRO,LIV-174
CARRO,LIV-175
CARRO,LIV-176
CARRO,LIV-177
CARRO,LIV-178
CARRO,LIV-179
CARRO,LIV-180
CARRO,LIV-181
CARRO,LIV-182
CARRO,LIV-183
CARRO,LIV-184
CARRO,LIV-185
CARRO,LIV-186
CARRO,LIV-187
CARRO,LIV-188
CARRO,LIV-189
CARRO,LIV-190
CARRO,LIV-191
CARRO,LIV-192
CARRO,LIV-193
CARRO,LIV-194
CARRO,LIV-195
CARRO,LIV-196
CARRO,LIV-197
CARRO,LIV-198
CARRO,LIV-199
CARRO,LIV-200
CARRO,LIV-201
CARRO,LIV-202
CARRO,LIV-203
CARRO,LIV-204
CARRO,LIV-205
CARRO,LIV-206
CARRO,LIV-207
CARRO,LIV-208
CARRO,LIV-209
CARRO,LIV-210
CARRO,LIV-211
CARRO,LIV-212
CARRO,LIV-213
CARRO,LIV-214
CARRO,LIV-215
CARRO,LIV-216
CARRO,LIV-217
CARRO,LIV-218
CARRO,LIV-219
CARRO,LIV-220
CARRO,LIV-221
CARRO,LIV-222
CARRO,LIV-223
CARRO,LIV-224
CARRO,LIV-225
CARRO,LIV-226
CARRO,LIV-227
CARRO,LIV-228
CARRO,LIV-229
CARRO,LIV-230
CARRO,LIV-231
CARRO,LIV-232
CARRO,LIV-233
CARRO,LIV-234
CARRO,LIV-235
CARRO,LIV-236
CARRO,LIV-237
CARRO,LIV-238
CARRO,LIV-239
CARRO,LIV-240
CARRO,LIV-241
CARRO,LIV-242
CARRO,LIV-243
CARRO,LIV-244
CARRO,LIV-245
CARRO,LIV-246
CARRO,LIV-247
CARRO,LIV-248
CARRO,LIV-249
CARRO,LIV-250
CARRO,LIV-251
CARRO,LIV-252
CARRO,LIV-253
CARRO,LIV-254
CARRO,LIV-255
CARRO,LIV-256
CARRO,LIV-257
CARRO,LIV-258
CARRO,LIV-259
CARRO,LIV-260
CARRO,LIV-261
CARRO,LIV-262
CARRO,LIV-263
CARRO,LIV-264
CARRO,LIV-265
CARRO,LIV-266
CARRO,LIV-267
CARRO,LIV-268
CARRO,LIV-269
CARRO,LIV-270
CARRO,LIV-271
CARRO,LIV-272
CARRO,LIV-273
CARRO,LIV-274
CARRO,LIV-275
CARRO,LIV-276
CARRO,LIV-277
CARRO,LIV-278
CARRO,LIV-279
CARRO,LIV-280
CARRO,LIV-281
CARRO,LIV-282
CARRO,LIV-283
CARRO,LIV-284
CARRO,LIV-285
CARRO,LIV-286
CARRO,LIV-287
CARRO,LIV-288
CARRO,LIV-289
CARRO,LIV-290
CARRO,LIV-291
CARRO,LIV-292
CARRO,LIV-293
CARRO,LIV-294
CARRO,LIV-295
CARRO,LIV-296
CARRO,LIV-297
CARRO,LIV-298
CARRO,LIV-299
CARRO,LIV-300
CARRO,LIV-301
CARRO,LIV-302
CARRO,LIV-303
CARRO,LIV-304
CARRO,LIV-305
CARRO,LIV-306
CARRO,LIV-307
CARRO,LIV-308
CARRO,LIV-309
CARRO,LIV-310
CARRO,LIV-311
CARRO,LIV-312
CARRO,LIV-313
CARRO,LIV-314
CARRO,LIV-315
CARRO,LIV-316
CARRO,LIV-317
CARRO,LIV-318
CARRO,LIV-319
CARRO,LIV-320
CARRO,LIV-321
CARRO,LIV-322
CARRO,LIV-323
CARRO,LIV-324
CARRO,LIV-325
CARRO,LIV-326
CARRO,LIV-327
CARRO,LIV-328
CARRO,LIV-329
CARRO,LIV-330
CARRO,LIV-331
CARRO,LIV-332
CARRO,LIV-333
CARRO,LIV-334
CARRO,LIV-335
CARRO,LIV-336
CARRO,LIV-337
CARRO,LIV-338
CARRO,LIV-339
CARRO,LIV-340
CARRO,LIV-341
CARRO,LIV-342
CARRO,LIV-343
CARRO,LIV-344
CARRO,LIV-345
CARRO,LIV-346
CARRO,LIV-347
CARRO,LIV-348
CARRO,LIV-349
CARRO,LIV-350
CARRO,LIV-351
CARRO,LIV-352
CARRO,LIV-353
CARRO,LIV-354
CARRO,LIV-355
CARRO,LIV-356
CARRO,LIV-357
CARRO,LIV-358
CARRO,LIV-359
CARRO,LIV-360
CARRO,LIV-361
CARRO,LIV-362
CARRO,LIV-363
CARRO,LIV-364
CARRO,LIV-365
CARRO,LIV-366
CARRO,LIV-367
CARRO,LIV-368
CARRO,LIV-369
CARRO,LIV-370
CARRO,LIV-371
CARRO,LIV-372
CARRO,LIV-373
CARRO,LIV-374
CARRO,LIV-375
CARRO,LIV-376
CARRO,LIV-377
CARRO,LIV-378
CARRO,LIV-379
CARRO,LIV-380
CARRO,LIV-381
CARRO,LIV-382
CARRO,LIV-383
CARRO,LIV-384
CARRO,LIV-385
CARRO,LIV-386
CARRO,LIV-387
CARRO,LIV-388
CARRO,LIV-389
CARRO,LIV-390
CARRO,LIV-391
CARRO,LIV-392
CARRO,LIV-393
CARRO,LIV-394
CARRO,LIV-395
CARRO,LIV-396
CARRO,LIV-397
CARRO,LIV-398
CARRO,LIV-399
CARRO,LIV-400
CARRO,LIV-401
CARRO,LIV-402
CARRO,LIV-403
CARRO,LIV-404
CARRO,LIV-405
CARRO,LIV-406
CARRO,LIV-407
CARRO,LIV-408
CARRO,LIV-409
CARRO,LIV-410
CARRO,LIV-411
CARRO,LIV-412
CARRO,LIV-413
CARRO,LIV-414
CARRO,LIV-415
CARRO,LIV-416
CARRO,LIV-417
CARRO,LIV-418
CARRO,LIV-419
CARRO,LIV-420
CARRO,LIV-421
CARRO,LIV-422
CARRO,LIV-423
CARRO,LIV-424
CARRO,LIV-425
CARRO,LIV-426
CARRO,LIV-427
CARRO,LIV-428
CARRO,LIV-429
CARRO,LIV-430
CARRO,LIV-431
CARRO,LIV-432
CARRO,LIV-433
CARRO,LIV-434
CARRO,LIV-435
CARRO,LIV-436
CARRO,LIV-437
CARRO,LIV-438
CARRO,LIV-439
CARRO,LIV-440
CARRO,LIV-441
CARRO,LIV-442
CARRO,LIV-443
CARRO,LIV-444
CARRO,LIV-445
CARRO,LIV-446
CARRO,LIV-447
CARRO,LIV-448
CARRO,LIV-449
CARRO,LIV-450
CARRO,LIV-451
CARRO,LIV-452
CARRO,LIV-453
CARRO,LIV-454
CARRO,LIV-455
CARRO,LIV-456
CARRO,LIV-457
CARRO,LIV-458
CARRO,LIV-459
CARRO,LIV-460
CARRO,LIV-461
CARRO,LIV-462
CARRO,LIV-463
CARRO,LIV-464
CARRO,LIV-465
CARRO,LIV-466
CARRO,LIV-467
CARRO,LIV-468
CARRO,LIV-469
CARRO,LIV-470
CARRO,LIV-471
CARRO,LIV-472
CARRO,LIV-473
CARRO,LIV-474
CARRO,LIV-475
CARRO,LIV-476
CARRO,LIV-477
CARRO,LIV-478
CARRO,LIV-479
CARRO,LIV-480
CARRO,LIV-481
CARRO,LIV-482
CARRO,LIV-483
CARRO,LIV-484
CARRO,LIV-485
CARRO,LIV-486
CARRO,LIV-487
CARRO,LIV-488
CARRO,LIV-489
CARRO,LIV-490
CARRO,LIV-491
CARRO,LIV-492
CARRO,LIV-493
CARRO,LIV-494
CARRO,LIV-495
CARRO,LIV-496
CARRO,LIV-497
CARRO,LIV-498
CARRO,LIV-499
MOTO,LIA-0
MOTO,LIA-1
MOTO,LIA-2
MOTO,LIA-3
MOTO,LIA-4
MOTO,LIA-5
MOTO,LIA-6
MOTO,LIA-7
MOTO,LIA-8
MOTO,LIA-9
MOTO,LIA-10
MOTO,LIA-11
MOTO,LIA-12
MOTO,LIA-13
MOTO,LIA-14
MOTO,LIA-15
MOTO,LIA-16
MOTO,LIA-17
MOTO,LIA-18
MOTO,LIA-19
MOTO,LIA-20
MOTO,LIA-21
MOTO,LIA-22
MOTO,LIA-23
MOTO,LIA-24
MOTO,LIA-25
MOTO,LIA-26
MOTO,LIA-27
MOTO,LIA-28
MOTO,LIA-29
MOTO,LIA-30
MOTO,LIA-31
MOTO,LIA-32
MOTO,LIA-33
MOTO,LIA-34
MOTO,LIA-35
MOTO,LIA-36
MOTO,LIA-37
MOTO,LIA-38
MOTO,LIA-39
MOTO,LIA-40
MOTO,LIA-41
MOTO,LIA-42
MOTO,LIA-43
MOTO,LIA-44
MOTO,LIA-45
MOTO,LIA-46
MOTO,LIA-47
MOTO,LIA-48
MOTO,LIA-49
MOTO,LIA-50
MOTO,LIA-51
MOTO,LIA-52
MOTO,LIA-53
MOTO,LIA-54
MOTO,LIA-55
MOTO,LIA-56
MOTO,LIA-57
MOTO,LIA-58
MOTO,LIA-59
MOTO,LIA-60
MOTO,LIA-61
MOTO,LIA-62
MOTO,LIA-63
MOTO,LIA-64
MOTO,LIA-65
MOTO,LIA-66
MOTO,LIA-67
MOTO,LIA-68
MOTO,LIA-69
MOTO,LIA-70
MOTO,LIA-71
MOTO,LIA-72
MOTO,LIA-73
MOTO,LIA-74
MOTO,LIA-75
MOTO,LIA-76
MOTO,LIA-77
MOTO,LIA-78
MOTO,LIA-79
MOTO,LIA-80
MOTO,LIA-81
MOTO,LIA-82
MOTO,LIA-83
MOTO,LIA-84
MOTO,LIA-85
MOTO,LIA-86
MOTO,LIA-87
MOTO,LIA-88
MOTO,LIA-89
MOTO,LIA-90
MOTO,LIA-91
MOTO,LIA-92
MOTO,LIA-93
MOTO,LIA-94
MOTO,LIA-95
MOTO,LIA-96
MOTO,LIA-97
MOTO,LIA-98
MOTO,LIA-99
MOTO,LIA-100
MOTO,LIA-101
MOTO,LIA-102
MOTO,LIA-103
MOTO,LIA-104
MOTO,LIA-105
MOTO,LIA-106
MOTO,LIA-107
MOTO,LIA-108
MOTO,LIA-109
MOTO,LIA-110
MOTO,LIA-111
MOTO,LIA-112
MOTO,LIA-113
MOTO,LIA-114
MOTO,LIA-115
MOTO,LIA-116
MOTO,LIA-117
MOTO,LIA-118
MOTO,LIA-119
MOTO,LIA-120
MOTO,LIA-121
MOTO,LIA-122
MOTO,LIA-123
MOTO,LIA-124
MOTO,LIA-125
MOTO,LIA-126
MOTO,LIA-127
MOTO,LIA-128
MOTO,LIA-129
MOTO,LIA-130
MOTO,LIA-131
MOTO,LIA-132
MOTO,LIA-133
MOTO,LIA-134
MOTO,LIA-135
MOTO,LIA-136
MOTO,LIA-137
MOTO,LIA-138
MOTO,LIA-139
MOTO,LIA-140
MOTO,LIA-141
MOTO,LIA-142
MOTO,LIA-143
MOTO,LIA-144
MOTO,LIA-145
MOTO,LIA-146
MOTO,LIA-147
MOTO,LIA-148
MOTO,LIA-149
MOTO,LIA-150
MOTO,LIA-151
MOTO,LIA-152
MOTO,LIA-153
MOTO,LIA-154
MOTO,LIA-155
MOTO,LIA-156
MOTO,LIA-157
MOTO,LIA-158
MOTO,LIA-159
MOTO,LIA-160
MOTO,LIA-161
MOTO,LIA-162
MOTO,LIA-163
MOTO,LIA-164
MOTO,LIA-165
MOTO,LIA-166
MOTO,LIA-167
MOTO,LIA-168
MOTO,LIA-169
MOTO,LIA-170
MOTO,LIA-171
MOTO,LIA-172
MOTO,LIA-173
MOTO,LIA-174
MOTO,LIA-175
MOTO,LIA-176
MOTO,LIA-177
MOTO,LIA-178
MOTO,LIA-179
MOTO,LIA-180
MOTO,LIA-181
MOTO,LIA-182
MOTO,LIA-183
MOTO,LIA-184
MOTO,LIA-185
MOTO,LIA-186
MOTO,LIA-187
MOTO,LIA-188
MOTO,LIA-189
MOTO,LIA-190
MOTO,LIA-191
MOTO,LIA-192
MOTO,LIA-193
MOTO,LIA-194
MOTO,LIA-195
MOTO,LIA-196
MOTO,LIA-197
MOTO,LIA-198
MOTO,LIA-199
MOTO,LIA-200
MOTO,LIA-201
MOTO,LIA-202
MOTO,LIA-203
MOTO,LIA-204
MOTO,LIA-205
MOTO,LIA-206
MOTO,LIA-207
MOTO,LIA-208
MOTO,LIA-209
MOTO,LIA-210
MOTO,LIA-211
MOTO,LIA-212
MOTO,LIA-213
MOTO,LIA-214
MOTO,LIA-215
MOTO,LIA-216
MOTO,LIA-217
MOTO,LIA-218
MOTO,LIA-219
MOTO,LIA-220
MOTO,LIA-221
MOTO,LIA-222
MOTO,LIA-223
MOTO,LIA-224
MOTO,LIA-225
MOTO,LIA-226
MOTO,LIA-227
MOTO,LIA-228
MOTO,LIA-229
MOTO,LIA-230
MOTO,LIA-231
MOTO,LIA-232
MOTO,LIA-233
MOTO,LIA-234
MOTO,LIA-235
MOTO,LIA-236
MOTO,LIA-237
MOTO,LIA-238
MOTO,LIA-239
MOTO,LIA-240
MOTO,LIA-241
MOTO,LIA-242
MOTO,LIA-243
MOTO,LIA-244
MOTO,LIA-245
MOTO,LIA-246
MOTO,LIA-247
MOTO,LIA-248
MOTO,LIA-249